<?xml version="1.0" encoding="UTF-8"?>
<install version="1.5" type="plugin" group="authentication">
	<name>Authentication - Navajo</name>
	<author>Joomla! Navajo Integration</author>
	<creationDate>Navajo, 2007</creationDate>
	<copyright>
		(C) 2005 - 2007 Dexels.
	</copyright>
	<license>http://www.gnu.org/copyleft/gpl.html GNU/GPL</license>
	<authorEmail>frank@dexels.com</authorEmail>
	<authorUrl>www.dexels.com</authorUrl>
	<version>1.5</version>
	<description>A navajo user authentication plugin</description>
	
	<files>
		<filename plugin="navajo">navajo.php</filename>
	</files>
	<params/>
</install>