<?xml version="1.0" encoding="utf-8"?>
<install version="1.5" type="plugin" group="user">
	<name>User - Navajo</name>
	<creationDate>November 2007</creationDate>
	<copyright>(c) 2007 - 2009 DexLabs.</copyright>
	<license>http://www.gnu.org/licenses/gpl-2.0.html GNU/GPL</license>
	<author>Dexels - Dutch Essentials</author>
	<authorEmail>info@dexels.com</authorEmail>
	<authorUrl>www.dexels.com</authorUrl>
	<version>1.5</version>
	<description>A navajo user synchronisation plugin</description>
	<files>
		<filename plugin="navajo">navajo.php</filename>
	</files>
	<params/>
</install>
